country,disaster_type,headline_en,summary_en,date_reported,source_url
Guatemala,Volcanic Eruptions,"Guatemala's Fuego volcano intensifies, prompts preventive evacuations","Guatemala's Fuego Volcano has intensified its eruption activity, prompting preventive evacuations in nearby communities. Authorities have ordered warnings and shelters for residents in vulnerable areas as lava, ash, and potential mudslides present continued risks.",2026-08-04 14:24:00,https://news.google.com/rss/articles/CBMiwgFBVV95cUxPa1JSZThSQXJtM2VFb3RwSGp4dTY2ampYVVBlUk1LR3hGMTRiRHQtYjhRS1BHVnZ6TU12M1A5SVBTUkZfSm1feW1ROXpIUXdKR0kwUFNQNlN1UlpXTTB4cTM1QmN2V2dlUnp2dUw5N1RsbzdIdFV1MS1kR01IVWdHQVFLXzhtdFAyY3BxOWh2NVJVblVuV2F4aUY3Q2trYldNTjQxYnE1MjhQbFVWc0NJMHAtd1o1N1N3dERkcnhwWU96dw?oc=5&hl=en-US&gl=US&ceid=US:en
Peru,Wildfires,Peru Watches Machu Picchu Wildfire Burn Through Tourism’s Lifeline Again,"Peru is monitoring a wildfire near Machu Picchu that threatens both environmental ecosystems and the local tourism economy, which serves as a financial lifeline for the region.",2026-08-04 14:53:29,https://news.google.com/rss/articles/CBMixAFBVV95cUxOd2Fod19YaWk5em9COHoza2FUcXNkSWg5TV9DS0Q2cHM5S2syUDg0c2paeThNNkV6aU1wQTl4bUpTWDZQLWJzSEE2REJTd2lySGFFOU5XcGpiek0wTjNhNGd3UGI2UWc3WVJac1FXakVuZnVnQ2J3T0VXZ3BUTGhsb2otajA1QXZOWU02ZHBXaFR0Q2ZFRU16WHBvUHQ4dVBNN2Z1NDRudFJCdk16cXBqeWF5NHBDemZ4OWR3WlFkLW5qcDBf?oc=5&hl=en-US&gl=US&ceid=US:en
Mexico,Earthquake,Strong 7.3-magnitude quake hits Mexico-Guatemala border; no immediate reports of damage,"A strong magnitude 7.3 earthquake struck off the southern coast of Mexico near the border with Guatemala, shaking buildings and triggering initial tsunami alerts, though no immediate widespread damage was reported.",2026-07-17 07:00:00,https://news.google.com/rss/articles/CBMikwFBVV95cUxQdmgteGtrX2tKWnRXSE0ydkxKTmE0SUEwVlFTTmt6RTJKZHoxVWF2ZmRtMG8wVVVyb3lnb0w4ZXBJdTdzb0xPZ2NfMnZnZXRCaWNXUWlTS0p2aGRhQkNHVGtIVG9sSVJTa2pqUTJ3WkxRVFJybzlWcjFTcV9VMXdDSjl5SUg1UnJNWWNBUEkxVmhuaEE?oc=5&hl=en-US&gl=US&ceid=US:en
Peru,Earthquake,"5.5-magnitude earthquake hits Peru’s Andes region, killing at least 5 people","A magnitude 5.5 earthquake hit the Andes region of Peru, causing casualties with at least five reported dead, multiple injuries, and destruction of local homes.",2026-07-19 07:00:00,https://news.google.com/rss/articles/CBMiiAFBVV95cUxQT1otaWhuWVRQSk01TURfQkZVWEtpMWR0VTNLYUNPYkxjZkI4YzU0X3RicDFKZ0ZrbVR0Q2RXa3p4bVNQcTE1X1FtTlNpb1V5VndxMXJIcUZiUmd6WWpiS2h2Tm5GYTN6a243aU15U3NKNFlrQm9XMHVXMV9PRmFlZHZmcDUyN0tm?oc=5&hl=en-US&gl=US&ceid=US:en
Chile,Storms,Weeklong rainstorms in Chile blamed on El Nino kill at least 10 and trigger flash floods,"Severe weeklong rainstorms attributed to El Niño hit Chile, leaving at least 10 people dead, triggering widespread flash flooding, landslides, and major power outages across the country.",2026-07-21 07:00:00,https://news.google.com/rss/articles/CBMirAFBVV95cUxQVm4wOVlWUS04dWdzVDFqdWtONWtwTFh0SGtyQ3lFdi10eWUxc2lPbWFGbDFPeERWR1ktVXRFWUU1WGkxSDI0RE92WU9YM3RRWUdyYkwyOWxJdUo1cVVlR1hNODNuTFFEa3Bscl9HYkl5bnphWktpU18yNEZUc1VzRkJWcnVKc0wyX1dSai13UmZJTHpDWFREVlpFU1NCbWVQTnlad2tSMXJrZTVC?oc=5&hl=en-US&gl=US&ceid=US:en
Brazil,Landslides,"The 23-24 February 2026 landslide disaster in Juiz de Fora, Brazil","A significant landslide disaster struck Juiz de Fora, Brazil, following extreme rainfall events on February 23-24, 2026.",2026-02-27 08:00:00,https://news.google.com/rss/articles/CBMiWEFVX3lxTE12LUhMSWlHeVVDOGtyXy1vdDA4T1BUbEJ4QnlRZHFyYWhsNXltN3VHVVlzc3A3ZjlWMU9RRF9uMVd4djhFcllGYU5HRk9TRlBFZnRyZ0VpNzM?oc=5&hl=en-US&gl=US&ceid=US:en
Colombia,Volcanic Eruptions,Orange Alert for Puracé Volcano: Growing Concern in Colombia Over Increased Activity,"An orange alert has been declared for the Puracé Volcano in Colombia due to a significant increase in seismic activity, raising concerns among local authorities and residents.",2026-08-04 22:43:03,https://news.google.com/rss/articles/CBMixgFBVV95cUxPOE5CUnVrVUo3ZnkybU1Eekhfd192YkZkSlc5S01oSGVYeVpENXZUeXgzTmpNY29aLUtLZmdsTjN4ZnRjZVhSWmROUUtpdVZXVzMyWWRsamc4LUY2dXFBN2cxR2J1SlRXOURKLXNveUVJaTBjRHNsV3ZRM2x6RnJEeFVZVGhkWHlNbjFCSHpJTGxQdW1JSTRpYnJDeUVFNkN2UE44X0d5TnZOcUR0dWt1aFo3VFdnNGpmc0g3b1REM0hKSEtKamc?oc=5&hl=en-US&gl=US&ceid=US:en
Peru,Earthquake,New magnitude 5.0 earthquake in Junín left at least three injured,"A new magnitude 5.0 earthquake struck the Junín region of Peru, injuring at least three people and initiating damage evaluations by civil defense authorities.",2026-08-07 01:42:00,https://news.google.com/rss/articles/CBMi0wFBVV95cUxPay1XODZHWG5OT0w3T0RHYW1SMEZIT0FxaGlOa3JpUV9UcGctcm5DZ1puMjhfeEl3ZFI1dDVubFBlZ0dNVW5JVmJvU0VtR3BGUUwwNW1NbllqbjJKZkhzU0wxa3J0c0dHX0tVWWRXSnlYNC1sNFdDYTZMY044RlZRbVJBaVBaV3dEZmRLUjNQUHMxQjg2OW5DcTlmNXJrdlRiWHNyYmhSODY4QlRURzRiVTVXMHFKSmNXbXpjbmNTQ3F0RDhqUzR1RUtmcXdqamFiY2Fn0gHuAUFVX3lxTE9GcXRxRGxOT1ZhMmVrbDFUWi10dkdtV3JKQjJEVGVwSUlJZHFPalkzWjhJNGVSVlBvZlV5TG1JVVZxd3hFV1BKYlFybk5vRlhqUDhBYzp9oc=5&hl=en-US&gl=US&ceid=US:en
Costa Rica,Drought,Costa Rica’s Pacific Faces Drought as Caribbean Rainfall Soars,Costa Rica is experiencing severe drought conditions on its Pacific coast while simultaneously dealing with soaring rainfall levels in its Caribbean region.,2026-08-06 18:00:00,https://news.google.com/rss/articles/CBMihAFBVV95cUxNX2I5aDZOZDBORXZrcXhVczBWaUVmeld0ZHVEZ1AtNGdhMTJRcFpyWXlqYXhLdjktSEdQOV9XQm5QaktueDlEc3F6blFYX25rWVdtUmhoRUJEVGprLXp1MHFfWEhuSDdCZ0J6S05wSnNBQWQtMEl1RWwxUmJ4dnFMQmM5M3M?oc=5&hl=en-US&gl=US&ceid=US:en
